RID|PID|Image_File
19001|11|9.1J41-Demark.png
19002|11|4.1J41-Engel (LED).jpg
19003|11|4.2C01-Mehow.jpg
19004|11|4.1K41-Tederic.jpg
19005|11|4.2D25-ABB.jpg
19006|11|3.1F41-Yizumi.jpg
19007|11|3.2A41-Tomra.png
19008|11|3.2B41-Boretech.jpg
19009|11|4.2C21-Enmair.jpg
19010|11|4.2A21-BMSvision.png
19011|11|4.2A15-Siemens.jpg
19012|11|3.1K41-Powerjet (DP800).jpg
19013|11|3.1K41-Powerjet (JE200).jpg
19014|11|3.1K41-Powerjet (EB70UE).jpg
19015|11|9.1J01-GDXL.jpg
19016|11|12.1R21-Switek.png
19017|11|12.1J41-Modern.png
19018|11|3.1K31-Huayan.jpg
19019|11|3.2D61-Armost.jpg
19020|11|4.1J41-Engel (Wintec).jpg
19021|11|12.1F21Sino.jpg
19022|11|3.1A51-Kaiming.jpg
19023|11|10.1A61-Tiancheng.jpg
19024|11|9.1J51-Kronce.jpg
19025|11|12.1J21-Printing.jpg
19026|11|4.1D01-ChenHsong.jpg
19027|11|3.2F67-Jiabao.jpg
19028|11|4.2K21-Eura.jpg
19029|11|3.1L21-Zhongyi.jpg
19030|11|9.1M21-Atech.jpg
19031|11|12.1C31-Lisong.jpg
19032|11|9.1F05-Lihao.jpg
19033|11|3.1L01-Beckhoff.jpg
19034|11|3.2C69-Xinbei.jpg
19035|11|12.1P65-Hejin.jpg
19036|11|4.2J15-Weiss.jpg
19037|11|3.2T23-Haibao.jpg
19038|11|4.1J01-Haitian.jpg
19039|11|12.1C27-TaiYou.jpg
19040|11|12.1D01-Konig.jpg
19041|11|9.1R21-Unique.jpg
19042|11|3.2T11-Buhler.jpg
19043|11|10.1G69-Hongshunde.jpg
19044|11|12.1A27-QE.jpg
19045|11|9.3S41.png
19046|11|10.2G11_Milliken.jpg
19047|11|13.2E51_Hexpol.jpg
19048|11|13.2R11.jpg
19049|11|10.2J21_SK.png
19050|11|12.2B41_Hyosung.png
19051|11|10.2C21_PTT.jpg
19052|11|10.2G41_Lotte (TIPP).jpg
19053|11|10.2G41_Lotte (Medical).jpg
19054|11|10.2G41_Lotte (Railway).jpg
19055|11|10.2G41_Lotte (evermoin).jpg
19056|11|10.2G41_Lotte (LBA).jpg
19057|11|10.2G41_Lotte (ABS).jpg
19058|11|11.3D27_Colloids.jpg
19059|11|13.2L41_NatureWorks.jpg
19060|11|11.3B41.jpg
19061|11|11.2K41_Teijin.png
19062|11|13.2J41_Dawn.jpg
19063|11|11.2J41_AsahiKasei.jpg
19064|11|10.3E41.png
19065|11|10.2L41_USI.jpg
19066|11|12.2C31.png
19067|11|10.3B51_CPIC.jpg
19068|11|12.2D21_Lehvoss.jpg
19069|11|11.2A61.jpg
19070|11|10.2C07.jpg
19071|11|13.2T27_DoilEcotec.jpg
19072|11|12.2L31.jpg
19073|11|11.3A51.jpg
19074|11|10.3K07.jpg
19075|11|11.2D21_RTP.jpg
19076|11|10.2A51_EuroCeras.jpg
19077|11|9.3B65.jpg
19078|11|11.2T21.jpg
19079|11|9.3D39.jpg
19080|11|13.2L49.jpg
19081|11|11.2B11-Magic.jpg
19082|11|12.2J01_HomeAppliance.jpg
19083|11|13.2L61.jpg
19084|11|13.2M61.png
19085|11|13.2M21_Songwon.jpg
19086|11|12.2J01_Nylon.jpg
19087|11|9.3R77.jpg
19088|11|10.3D51.jpg
19089|11|10.2R51.jpg
19090|11|13.2L79.jpg
19091|11|9.3C31.jpg
19092|11|9.3L79.jpg
19093|11|11.3M51.jpg
19094|11|9.3E21.jpg
19095|11|10.3C41.jpg
19096|11|9.3E71.jpg
19097|11|13.2A73.jpg
19098|11|13.2R37.jpg
19099|11|11.3M47.jpg
19100|11|9.3D67.jpg
19101|11|10.3J05.jpg
19102|11|11.3D41.jpg
19103|11|13.2R59.jpg
19104|11|13.2T05_Hankook.jpg
19105|11|11.3B59.jpg
19106|11|11.2B11_Star-better.jpg
19107|11|10.3L01.jpg
19108|11|10.3M13_Geo-Young.jpg
19109|11|11.3J65.jpg
19110|11|11.3M17.jpg
19111|11|10.3K01.jpg
19112|11|13.2P69.jpg
19113|11|11.2M31.jpg
19114|11|10.3B95.jpg
19115|11|11.3A15.jpg
19116|11|10.3C35_DONGSUNG.jpg
19117|11|13.2D45.jpg
19118|11|11.2T41_TEH.jpg
19119|11|11.2T41_GB.jpg
19120|11|11.2T41_TPE.jpg
19121|11|1.1C21.jpg
19122|11|11.1A41.jpg
19123|11|11.1C41.jpg
19124|11|11.1D11.jpg
19125|11|11.1D51.jpg
19126|11|11.1E41.jpg
19127|11|11.1E51.jpg
19128|11|11.1E61.jpg
19129|11|11.1J21.jpg
19130|11|11.1J61.jpg
19131|11|11.1K21.jpg
19132|11|11.1T41.jpg
19133|11|13.1C05.jpg
19134|11|13.1K41-HP.jpg
19135|11|13.1M11.jpg
19136|11|13.1R45.jpg
19137|11|13.1S11.jpg
19138|11|2.1F41-Nordson.jpg
19139|11|2.1F61.jpg
19140|11|2.1J01.jpg
19141|11|2.1J21.jpg
19142|11|2.1J71.jpg
19143|11|2.1M65.jpg
19144|11|2.1R01.jpg
19145|11|2.2B15.jpg
19146|11|2.2C21.jpg
19147|11|2.2C55.jpg
19148|11|2.2D41.jpg
19149|11|2.2D45.jpg
19150|11|2.2E21.jpg
19151|11|2.2E35.jpg
19152|11|2.2J01.jpg
19153|11|2.2K31.jpg
19154|11|2.2K35.jpg
19155|11|2.2L75.jpg
19156|11|2.2R57.jpg
19157|11|3.2A21.jpg
19158|11|3.2D11.jpg
19159|11|3.2L41.jpg
19160|11|3.2M45.jpg
19161|11|3.2M61.jpg
19162|11|3.2R63.jpg
19163|11|4.2B05.jpg
19164|11|6.1A01.jpg
19165|11|6.1B11.jpg
19166|11|6.1C41_(ASIASTAR).jpg
19167|11|6.1C41.jpg
19168|11|6.1C51.jpg
19169|11|6.1K01.jpg
19170|11|7.1C61.jpg
19171|11|7.1D21.jpg
19172|11|8.1A15-Rajoo.jpg
19173|11|8.1A21.jpg
19174|11|8.1AC65.jpg
19175|11|8.1D21.jpg
19176|11|8.1D51.jpg
19177|11|8.1F05.jpg
19178|11|8.1F41.png
19179|11|8.1K41.jpg
19180|11|8.1K51.jpg
19181|11|9.2J41-Davis.jpg
19182|11|9.2J51-VanDam.jpg
19183|11|9.2P71.jpg
19184|11|9.2Q41.jpg
19185|11|8.1BA01-KINGFA.png
19186|11|8.1BA03-SOUNDSHUNBAO.jpg
19187|11|8.1BA15-ALLIANCE.png
19188|11|8.1BA27-TMJ.jpg
19189|11|8.1BB01-LUHAI.jpg
19190|11|8.1BB03-GENGYE.jpg
19191|11|8.1BB11-GreenMindsGroup.png
19192|11|8.1BB13-AUSELL.jpg
19193|11|8.1BB15-KKALPANA.jpg
19194|11|8.1BB23-HUASHANG.jpg
19195|11|8.1BB25-SEONLON.png
19196|11|Kubota - 5.1M51.jpg
19197|11|Sodick - 5.1R41.jpg
19198|11|Fuji Tekko - 5.1M41.jpg
19199|11|Newish - 5.1T51.jpg
19200|11|Aoki-11.1J21.jpg
19201|11|Teijin-11.2K41.png
19202|11|Asahi Kasei-11.2J41.jpg
19203|11|Polyplastics-11.2B31.png
19204|11|Tosoh- 10.3L41.jpg
19205|11|Adeka - 11.2J15.jpg
19206|11|Totani- 13.1A21.jpg
19207|11|Matsui- 5.1K41.png
19208|11|Capco- 5.1K75.jpg
19209|11|Technocoat- 5.2S25.jpg
19210|11|Shimadzu- 8.1B81.jpg
19211|11|1.1K11-KAIDE.jpg
19212|11|8.1B11-Maoxin.jpg
19213|11|3.2M41-Carl Zeiss.jpg
19214|11|6.1J11-ALLWELL.jpg
19215|11|8.1AC25-BONENG.jpg
19216|11|3.2R63-EUTIN.jpg
19217|11|7.1B31-GUOTAI(1).jpg
19218|11|7.1B31-GUOTAI(2).jpg
19219|11|8.1D41-ENMA.jpg
19220|11|7.1C01-XINHUIDA.jpg
19221|11|9.2R51-YUZEN.jpg
19222|11|1.1A41-HONGHUA.jpg
19223|11|2.1Y04-SHEEN.jpg
19224|11|2.2A17-HENGJU.jpg
19225|11|13.1B51-KOENIG.jpg
19226|11|1.1T01-FOSITA.jpg
19227|11|8.1F21-GUANGDA.jpg
19228|11|13.1B21-ALTMA.jpg
19229|11|2.1Y14-ALBE.jpg
19230|11|1.1R01-GPM.jpg
19231|11|8.1F31-HUASHAN.jpg
19232|11|8.1AC75-MAOLONG.jpg
19233|11|12.1T23-Goldsmith.jpg
19234|11|4.1J01-Haitian.jpg
19235|11|9.1D07-Easypurge.jpg
19236|11|4.225-Gimatic.jpg
19237|11|9.1R11-Jaway.jpg
19238|11|4.2C01-Mehow.jpg
19239|11|3.1K41-Powerjet.jpg
19240|11|3.2A45-Aceretech.jpg
19241|11|3.1A41-Shini.jpg
19242|11|4.2M05-Sichuang.jpg
19243|11|4.2A15-Siemens.jpg
19244|11|9.1L21-SINTD.jpg
19245|11|12.1L05-Hengfei.jpg
19246|11|3.1A51-Kaiming.jpg
19247|11|9.1R05-DSJet.jpg
19248|11|10.1A55-Jason.jpg
19249|11|9.1T31-HiSpeed.jpg
19250|11|8.1BA03-Shunbao.jpg
19251|11|8.1BA15-Amoy.jpg
19252|11|12.1R21-Switek.jpg
19253|11|4.1A01-Borch.jpg
19254|11|12.1D01-Konig.jpg
19255|11|4.2E25-Keqiang.jpg
19256|11|4.2A25-Gimatic2.jpg
19257|11|10.3B09_Montello.jpg
19258|11|13.2M69_Anxintai.jpg
19259|11|11.2B31_Polyplastics.jpg
19260|11|10.3E51_Shanghai Fiberglass.jpg
19261|11|9.3A61_Tongli.jpg
19262|11|10.2G07_TSRC_1.jpg
19263|11|10.2G07_TSRC_2.jpg
19264|11|10.2G07_TSRC_3.jpg
19265|11|11.3B13_Beihua_1.jpg
19266|11|11.3B13_Beihua_2.jpg
19267|11|11.3L59_Xin'an.jpg
19268|11|10.2P21_Aimsea_1.jpg
19269|11|10.2P21_Aimsea_2.jpg
19270|11|10.3L75_Minyang.jpg
19271|11|11.3M41_Guangshan.jpg
19272|11|11.3L49_Caijian.jpg
19273|11|12.2B71_Tunhe.jpg
19274|11|10.3R01_Mitsubishi Gas.jpg
19275|11|9.3C09_Yinsu.jpg
19276|11|9.3R15_Taller.jpg
19277|11|9.3P33_Lingwe.jpg
19278|11|10.3S05_Mingyuan.jpg
19279|11|10.3D25_Orinko_1.jpg
19280|11|10.3D25_Orinko_2.jpg
19281|11|10.3D25_Orinko_3.jpg
19282|11|11.2B61_Banzan.jpg
19283|11|10.3M69_Great Eastern.jpg
19284|11|9.3P09_Fengzhu.jpg
19285|11|8.1BA03_Sound Shunbao.jpg
19286|11|9.3L01_Estone.jpg
19287|11|9.3S37_Sundly.jpg
19288|11|8.1BA15_Amoy.png
19289|11|10.3A61_Sciengy.jpg
19290|11|11.2R61_Konica Minolta.jpg
19291|11|10.3J25_Jinyoung.jpg
19292|11|9.3B71_Xusen.jpg
19293|11|10.3L17_Jie Jia You.jpg
19294|11|11.3E51_Xinghua.jpg
19295|11|11.3R57_Xinyang.jpg
19296|11|11.3B49_Yangtian.jpg
19297|11|9.3D39_Jinhass.jpg
19298|11|11.3K53_Rongsheng.jpg
19299|11|13.2A41_Chinasound.jpg
19300|11|11.3L19_Shafeng.jpg
19301|11|9.3M15_Yuzhu.jpg
